,자치구,유흥업소,무단투기,인구대비무단투기,유동인구평균,발생합계,검거합계,살인,강도,강간,절도,폭력,살인검거율,강간검거율,강도검거율,절도검거율,폭력검거율,이혼,인구,범죄,검거,for_perc,범죄율,cctv_10만,면적,가로등
1,강남구,47.77,27427,4888.495184,498602,7720,5321,0.428571429,1,1,1,1,100,81.71334432,100,44.18530351,86.22345804,805,561052,0.885714286,90.65817447,0.008712205,1376,577.3083422,82,350
2,강동구,31.57,4135,939.0065833,95958,4261,3245,0.285714286,0.473684211,0.135188867,0.405286344,0.434025204,100,98.25581395,100,57.6899696,86.82585426,784,440359,0.346779782,97.40042531,0.009392337,967.6,228.9472907,41,301
3,강북구,23.78,7063,2153.340528,61112,3393,2824,0.5,0.315789474,0.206759443,0.1525831,0.33283914,100,73.55769231,71.42857143,62.62327416,93.83116883,742,328002,0.301594231,88.30849185,0.010740788,1034.4,251.8277328,35,188
4,강서구,23.51,650,106.8630755,129871,5135,3927,0.714285714,0.157894737,0.421471173,0.502603124,0.614529281,100,80.06329114,100,58.95127119,87.24279835,1120,608255,0.482156806,93.76763251,0.010791527,844.2,149.8845057,22,159
5,관악구,40.7,5778,1109.172267,102031,5525,4154,0.5,0.315789474,0.546719682,0.539046856,0.702001483,87.5,85.22427441,85.71428571,58.21121779,84.58121827,817,520929,0.520711499,88.26235996,0.033847223,1060.6,403.0242125,71,166
6,광진구,5.37,7147,1919.698736,115143,4646,3289,0.357142857,0.631578947,0.312127237,0.635562675,0.329132691,83.33333333,79.69348659,61.53846154,52.61261261,88.53681267,612,372298,0.453108881,80.44952507,0.039202467,1247.9,233.6998856,51,289
7,구로구,7.7,3718,842.0165822,144770,4895,3408,0.428571429,0.368421053,0.445328032,0.43732479,0.581541883,100,55.18292683,75,50.37681159,82.91475062,775,441559,0.452237437,79.95672441,0.069791353,1108.6,428.3187524,94,369
8,금천구,22.09,2654,1046.979972,107337,3265,2572,0.285714286,0.210526316,0.270377734,0.203444133,0.228317272,100,88.33333333,100,59.07099036,89.43436499,525,253491,0.239675948,96.09530158,0.072337874,1288,534.1728109,104,411
9,노원구,5.02,1077,192.9848139,103788,4209,3047,0.214285714,0.421052632,0.151093439,0.362434922,0.452186805,100,86.11111111,77.77777778,49.21976593,85.71428571,1003,558075,0.320210702,87.73263848,0.006579761,754.2,279.417641,44,261
10,도봉구,7.51,234,67.58435047,65384,1999,1652,0,0.105263158,0,0,0,100,100,100,65.87677725,88.71224165,666,346234,0.021052632,100,0.005972839,577.4,238.7980383,40,213
11,동대문구,20.22,2029,554.3549238,128621,3975,3274,0.714285714,0.105263158,0.121272366,0.366039247,0.367309118,90.90909091,90.3030303,100,65.74014221,93.06358382,624,366011,0.334833921,96.79420948,0.04197688,1086,512.8370459,132,564
12,동작구,12.48,2354,576.2644648,114846,3330,2242,0,0.315789474,0.580516899,0.237484982,0.163825056,100,43.68686869,100,48.36867863,86.23529412,598,408493,0.259523282,83.21600956,0.030051923,815.2,320.2013254,80,326
13,마포구,16.59,6212,1610.231659,212026,5278,3499,0.142857143,0.368421053,0.787276342,0.585102123,0.524462565,100,85.8,100,39.9713467,83.12757202,576,385783,0.481623845,89.94914125,0.028171278,1368.1,253.4715112,41,321
14,서대문구,9.23,5811,1787.84597,157268,3113,2299,0.214285714,0,0.194831014,0.239086904,0.154929577,100,89.6039604,100,58.45528455,83.11455847,485,325028,0.160626642,94.84914626,0.037621374,957.8,385.1145132,71,321
15,서초구,17.06,381,85.54089461,352821,4708,3237,0.571428571,0.631578947,0.727634195,0.4721666,0.424759081,100,60.21276596,53.84615385,46.0816777,87.43760399,561,445401,0.565513479,76.45987629,0.009651977,1057,516.9521398,49,247
16,성동구,7.36,266,85.06256576,137501,2767,2031,0,0.105263158,0.055666004,0.175810973,0.111564122,100,80.3030303,100,50.65298507,88.38999359,509,312711,0.089660851,92.24728085,0.025272536,884.8,425.9332099,79,339
17,성북구,1.98,398,87.39435274,109063,3434,2479,0.428571429,0.368421053,0.137176938,0.28474169,0.23869533,100,77.4566474,100,52.30654762,85.54153523,732,455407,0.291521288,91.35828473,0.024927153,754.1,361.4766571,67,215
18,송파구,16.84,8518,1269.121374,238621,5576,3870,0.357142857,0,0.365805169,0.657188626,0.648257969,100,84.02777778,100,45.11873351,86.23212504,1041,671173,0.405678924,91.37454251,0.009948255,830.8,161.4844459,32,356
19,양천구,1.26,485,102.1013941,96439,3882,2660,0.142857143,0.105263158,0.067594433,0.383259912,0.329873981,66.66666667,88.4057971,66.66666667,47.54716981,82.77467412,700,475018,0.205769725,77.44599181,0.008134429,817.2,520.4476462,142,414
20,영등포구,40.54,3361,836.0197401,266959,5969,4012,1,0.210526316,0.697813121,0.669203044,0.71608599,86.66666667,58.68131868,100,48.09027778,82.10031348,628,402024,0.658725694,82.61056932,0.083263686,1484.7,317.5432312,52,373
21,용산구,12.27,1842,753.5468246,157758,4060,2936,0,0.210526316,0.44333996,0.285542651,0.416234248,100,88.37920489,80,46.50817236,84.67030659,389,244444,0.271128635,87.89426652,0.062521477,1660.9,858.8961071,96,329
22,은평구,16.9,2386,485.7472079,69889,3883,3207,0.357142857,0.157894737,0.250497018,0.301962355,0.369903632,100,92.60869565,100,67.33958183,90.86879433,917,491202,0.28748012,99.17025116,0.008973905,790.5,429.4383981,71,217
23,종로구,128.46,13473,8202.390157,271308,4057,4437,0.428571429,0.473684211,0.296222664,0.404885863,0.328020756,100,100,100,55.0486618,97.80681288,265,164257,0.386276984,99.61865682,0.057757051,2469.9,989.8390936,68,376
24,중구,180.54,3267,2427.317914,304351,4184,2851,0,0.421052632,0.324055666,0.48578294,0.297627872,0,55.80524345,100,48.15817985,87.53032508,253,134593,0.305703822,64.12247904,0.066006404,3108.6,762.2090302,103,866
25,중랑구,7.03,7563,1832.210863,68452,4571,3392,0.285714286,0.105263158,0.135188867,0.360432519,0.593031875,100,83.72093023,100,53.0332681,84.88453464,956,412780,0.295926141,92.75163179,0.011032511,1107.4,224.0903145,50,307
